split,method,attack,seeds,accepted_mean,accepted_min,accepted_max,operational_harm_mean,operational_harm_min,operational_harm_max,declared_harm_mean,declared_harm_min,declared_harm_max,harmful_escape_mean,harmful_escape_min,harmful_escape_max,population_harm_mean,population_harm_min,population_harm_max,population_escape_mean,population_escape_min,population_escape_max,score_gate_accepted_mean,score_gate_accepted_min,score_gate_accepted_max,score_gate_escape_mean,score_gate_escape_min,score_gate_escape_max,score_gate_population_escape_mean,score_gate_population_escape_min,score_gate_population_escape_max,declared_harmful_escape_mean,declared_harmful_escape_min,declared_harmful_escape_max,false_rejection_mean,false_rejection_min,false_rejection_max,candidate_balanced_accuracy_mean,candidate_balanced_accuracy_min,candidate_balanced_accuracy_max,installed_balanced_accuracy_mean,installed_balanced_accuracy_min,installed_balanced_accuracy_max,paired_accuracy_gain_mean,paired_accuracy_gain_min,paired_accuracy_gain_max,paired_audit_risk_reduction_mean,paired_audit_risk_reduction_min,paired_audit_risk_reduction_max,append_succeeded_mean,append_succeeded_min,append_succeeded_max,serving_bytes_verified_mean,serving_bytes_verified_min,serving_bytes_verified_max,risk_consumed_mean,risk_consumed_min,risk_consumed_max,probe_consumed_mean,probe_consumed_min,probe_consumed_max,competing_fixation_blocked_mean,competing_fixation_blocked_min,competing_fixation_blocked_max,eligible_subset_blocked_mean,eligible_subset_blocked_min,eligible_subset_blocked_max,witness_quorum_met_mean,witness_quorum_met_min,witness_quorum_met_max,event_chain_valid_mean,event_chain_valid_min,event_chain_valid_max,certificate_issue_ms_mean,certificate_issue_ms_min,certificate_issue_ms_max,protocol_e2e_ms_mean,protocol_e2e_ms_min,protocol_e2e_ms_max,certificate_issue_ms_p50,certificate_issue_ms_p95,protocol_e2e_ms_p50,protocol_e2e_ms_p95,beneficial_cases,conditional_false_rejection_rate
random,CoordinateMedian,model_replacement,20,0.75,0.0,1.0,0.0,0.0,0.0,0.0,0.0,0.0,0.0,0.0,0.0,0.0,0.0,0.0,0.0,0.0,0.0,0.8,0.0,1.0,0.0,0.0,0.0,0.0,0.0,0.0,0.0,0.0,0.0,0.1,0.0,1.0,0.5140087369595583,0.4697712418300653,0.6085387410389865,0.5139154724686926,0.4697712418300653,0.6085387410389865,-9.326449086556471e-05,-0.0344352617079889,0.0519733185102835,-0.00028912881791,-0.01030945768005,0.0046517977113,1.0,1.0,1.0,1.0,1.0,1.0,1.0,1.0,1.0,1.0,1.0,1.0,1.0,1.0,1.0,1.0,1.0,1.0,1.0,1.0,1.0,1.0,1.0,1.0,2115.9630699,1888.914826,2351.904061,4250.28268235,3838.191153,4807.563111,2126.1557885,2305.9337253500003,4233.323193,4744.73922435,15,0.13333333333333333
random,FLShield,model_replacement,20,0.75,0.0,1.0,0.0,0.0,0.0,0.0,0.0,0.0,0.0,0.0,0.0,0.0,0.0,0.0,0.0,0.0,0.0,0.85,0.0,1.0,0.0,0.0,0.0,0.0,0.0,0.0,0.0,0.0,0.0,0.05,0.0,1.0,0.5379946963349523,0.4840915004849431,0.6919934640522876,0.5362651341560865,0.4836065573770491,0.6919934640522876,-0.0017295621788657848,-0.0303030303030302,0.0098743267504487,0.00042920529838499997,-0.00382226844545,0.00745686291815,1.0,1.0,1.0,1.0,1.0,1.0,1.0,1.0,1.0,1.0,1.0,1.0,1.0,1.0,1.0,1.0,1.0,1.0,1.0,1.0,1.0,1.0,1.0,1.0,2118.4153455500004,1910.534939,2325.317797,4283.4321292,3911.878257,4657.177147,2111.549253,2303.83189305,4253.1426135,4629.43341825,13,0.07692307692307693
random,FLTrust,model_replacement,20,0.15,0.0,1.0,0.0,0.0,0.0,0.0,0.0,0.0,0.0,0.0,0.0,0.0,0.0,0.0,0.0,0.0,0.0,0.1,0.0,1.0,0.0,0.0,0.0,0.0,0.0,0.0,0.0,0.0,0.0,0.1,0.0,1.0,0.5332105083962266,0.4691185834268215,0.8202614379084967,0.5329622813349931,0.4691185834268215,0.6944444444444444,-0.00024822706123342475,-0.1258169934640522,0.0811563580484057,0.010427067225774998,-0.00721872381985,0.0304176831228,1.0,1.0,1.0,1.0,1.0,1.0,1.0,1.0,1.0,1.0,1.0,1.0,1.0,1.0,1.0,1.0,1.0,1.0,1.0,1.0,1.0,1.0,1.0,1.0,2115.258755,1852.415778,2387.230245,4285.3710841,3883.265523,4735.320669,2109.749052,2378.04854535,4258.689528,4717.902629900001,4,0.5
random,FedAvg,model_replacement,20,0.0,0.0,0.0,1.0,1.0,1.0,0.1,0.0,1.0,0.0,0.0,0.0,0.2,0.0,1.0,0.0,0.0,0.0,0.0,0.0,0.0,0.0,0.0,0.0,0.0,0.0,0.0,0.0,0.0,0.0,0.0,0.0,0.0,0.45124686295996747,0.3080065359477124,0.5156482861400894,0.5420591595272798,0.4836065573770491,0.6944444444444444,0.09081229656731234,-0.0320417287630402,0.386437908496732,0.285794529005415,0.1830759144041,0.38939405836805,1.0,1.0,1.0,1.0,1.0,1.0,1.0,1.0,1.0,1.0,1.0,1.0,1.0,1.0,1.0,1.0,1.0,1.0,1.0,1.0,1.0,1.0,1.0,1.0,2133.2761710000004,1875.064843,2464.740791,4289.839034399999,3862.125616,4884.740763,2124.0665099999997,2384.91553335,4271.979337,4725.46931955,0,
random,FedVal,model_replacement,20,0.0,0.0,0.0,0.65,0.0,1.0,0.0,0.0,0.0,0.0,0.0,0.0,0.0,0.0,0.0,0.0,0.0,0.0,0.0,0.0,0.0,0.0,0.0,0.0,0.0,0.0,0.0,0.0,0.0,0.0,0.0,0.0,0.0,0.4770804032191519,0.2009803921568627,0.5507441091360066,0.5420591595272798,0.4836065573770491,0.6944444444444444,0.06497875630812784,-0.0194731738849386,0.4934640522875816,0.072051826483055,0.0217488371582,0.1544957442171,1.0,1.0,1.0,1.0,1.0,1.0,1.0,1.0,1.0,1.0,1.0,1.0,1.0,1.0,1.0,1.0,1.0,1.0,1.0,1.0,1.0,1.0,1.0,1.0,2061.0783222,1825.201537,2412.964666,4215.96237915,3764.160251,4788.718006,2049.1448505,2269.3748906,4196.7740675000005,4593.29743425,0,
random,FoundationFL,model_replacement,20,0.0,0.0,0.0,0.85,0.0,1.0,0.7,0.0,1.0,0.0,0.0,0.0,0.75,0.0,1.0,0.0,0.0,0.0,0.05,0.0,1.0,0.0,0.0,0.0,0.0,0.0,0.0,0.0,0.0,0.0,0.0,0.0,0.0,0.4431559092964668,0.1732026143790849,0.5976873220072669,0.5420591595272798,0.4836065573770491,0.6944444444444444,0.09890325023081288,-0.0533186033665725,0.5212418300653594,0.40477496036935995,0.0028331284892,0.6200809141822,1.0,1.0,1.0,1.0,1.0,1.0,1.0,1.0,1.0,1.0,1.0,1.0,1.0,1.0,1.0,1.0,1.0,1.0,1.0,1.0,1.0,1.0,1.0,1.0,2133.34095285,1860.623315,2681.949424,4280.4699144999995,3836.379357,5002.616616,2087.219895,2347.2568126,4247.3215995,4672.342029,0,
random,Krum,model_replacement,20,0.65,0.0,1.0,0.0,0.0,0.0,0.0,0.0,0.0,0.0,0.0,0.0,0.0,0.0,0.0,0.0,0.0,0.0,0.65,0.0,1.0,0.0,0.0,0.0,0.0,0.0,0.0,0.0,0.0,0.0,0.05,0.0,1.0,0.5539492653264448,0.4843517138599106,0.6952614379084967,0.5474204805767202,0.4843517138599106,0.6952614379084967,-0.00652878474972451,-0.121360073564829,0.0139939114209958,0.001041992545415,-0.00193699431605,0.00841015466995,1.0,1.0,1.0,1.0,1.0,1.0,1.0,1.0,1.0,1.0,1.0,1.0,1.0,1.0,1.0,1.0,1.0,1.0,1.0,1.0,1.0,1.0,1.0,1.0,2114.6377348000005,1959.656129,2431.620648,4273.37018225,3934.827504,4606.094449,2097.741371,2336.3782042000003,4277.3744385,4585.104218949999,13,0.07692307692307693
random,CoordinateMedian,none,20,0.8,0.0,1.0,0.0,0.0,0.0,0.0,0.0,0.0,0.0,0.0,0.0,0.0,0.0,0.0,0.0,0.0,0.0,0.8,0.0,1.0,0.0,0.0,0.0,0.0,0.0,0.0,0.0,0.0,0.0,0.05,0.0,1.0,0.5337945806734574,0.4836065573770491,0.6936274509803921,0.5319863411107696,0.4836065573770491,0.6936274509803921,-0.00180823956268786,-0.0204360086110183,0.0097210666900204,0.00042518343676249996,-0.00343549428335,0.00649431036285,1.0,1.0,1.0,1.0,1.0,1.0,1.0,1.0,1.0,1.0,1.0,1.0,1.0,1.0,1.0,1.0,1.0,1.0,1.0,1.0,1.0,1.0,1.0,1.0,2089.9105441499996,1853.638837,2336.469722,4252.8796329,3832.033821,4648.903286,2094.5800645,2275.0944713500003,4231.927368500001,4564.48063825,16,0.0625
random,FLShield,none,20,0.55,0.0,1.0,0.0,0.0,0.0,0.0,0.0,0.0,0.0,0.0,0.0,0.0,0.0,0.0,0.0,0.0,0.0,0.4,0.0,1.0,0.0,0.0,0.0,0.0,0.0,0.0,0.0,0.0,0.0,0.0,0.0,0.0,0.5617989713102572,0.4821162444113264,0.8464052287581699,0.543132251321453,0.4821162444113264,0.6944444444444444,-0.018666719988804058,-0.1519607843137255,0.0044005929219936,0.0026928213475850005,0.0,0.01128620723875,1.0,1.0,1.0,1.0,1.0,1.0,1.0,1.0,1.0,1.0,1.0,1.0,1.0,1.0,1.0,1.0,1.0,1.0,1.0,1.0,1.0,1.0,1.0,1.0,2126.34310535,1922.615017,2444.405664,4271.6484766,3845.234011,4763.10782,2156.1496525000002,2289.9787161,4266.8653705,4623.99489965,6,0.0
random,FLTrust,none,20,0.25,0.0,1.0,0.0,0.0,0.0,0.0,0.0,0.0,0.0,0.0,0.0,0.0,0.0,0.0,0.0,0.0,0.0,0.3,0.0,1.0,0.0,0.0,0.0,0.0,0.0,0.0,0.0,0.0,0.0,0.15,0.0,1.0,0.5323327601648081,0.4817990097194204,0.8357843137254901,0.526145408241821,0.4836065573770491,0.6944444444444444,-0.006187351922987061,-0.1413398692810457,0.0849673202614379,0.0075954730995425,-0.01187909856005,0.0400584405113,1.0,1.0,1.0,1.0,1.0,1.0,1.0,1.0,1.0,1.0,1.0,1.0,1.0,1.0,1.0,1.0,1.0,1.0,1.0,1.0,1.0,1.0,1.0,1.0,2146.48076715,1891.510089,2390.227573,4307.5344731000005,3844.238346,4809.068374,2138.4725325,2336.1907256,4297.044304999999,4655.3258973,7,0.42857142857142855
random,FedAvg,none,20,0.7,0.0,1.0,0.0,0.0,0.0,0.0,0.0,0.0,0.0,0.0,0.0,0.0,0.0,0.0,0.0,0.0,0.0,0.8,0.0,1.0,0.0,0.0,0.0,0.0,0.0,0.0,0.0,0.0,0.0,0.15,0.0,1.0,0.5414644826152063,0.4855818134506658,0.7181372549019608,0.5391061910908735,0.4836065573770491,0.7181372549019608,-0.0023582915243325854,-0.0307449743791879,0.0232343380614657,0.00036253637141,-0.0017566644002,0.0058254016174,1.0,1.0,1.0,1.0,1.0,1.0,1.0,1.0,1.0,1.0,1.0,1.0,1.0,1.0,1.0,1.0,1.0,1.0,1.0,1.0,1.0,1.0,1.0,1.0,2137.16216355,1951.272317,2434.765691,5075.6859509000005,4646.755859,5616.368702,2084.8287295,2307.1585854500004,5037.3356834999995,5535.1892259999995,15,0.2
random,FedVal,none,20,0.95,0.0,1.0,0.0,0.0,0.0,0.0,0.0,0.0,0.0,0.0,0.0,0.0,0.0,0.0,0.0,0.0,0.0,0.9,0.0,1.0,0.0,0.0,0.0,0.0,0.0,0.0,0.0,0.0,0.0,0.0,0.0,0.0,0.5308551718899862,0.4791356184798808,0.6004767143381005,0.5310787188348446,0.4836065573770491,0.6004767143381005,0.000223546944858415,0.0,0.0044709388971683,3.41895466475e-05,0.0,0.00068379093295,1.0,1.0,1.0,1.0,1.0,1.0,1.0,1.0,1.0,1.0,1.0,1.0,1.0,1.0,1.0,1.0,1.0,1.0,1.0,1.0,1.0,1.0,1.0,1.0,2150.7625982,1961.39293,2397.411178,4293.15450205,3884.335882,4774.635899,2175.9908495,2312.7821341999997,4252.659567,4638.744156000001,15,0.0
random,FoundationFL,none,20,0.65,0.0,1.0,0.0,0.0,0.0,0.0,0.0,0.0,0.0,0.0,0.0,0.0,0.0,0.0,0.0,0.0,0.0,0.8,0.0,1.0,0.0,0.0,0.0,0.0,0.0,0.0,0.0,0.0,0.0,0.15,0.0,1.0,0.511284496906699,0.4616013071895425,0.5963934096845489,0.5106104539344015,0.4616013071895425,0.5688300950806118,-0.0006740429722974946,-0.0622111713883865,0.0661736457933154,0.00048781393812249985,-0.00543496296135,0.0163768476861,1.0,1.0,1.0,1.0,1.0,1.0,1.0,1.0,1.0,1.0,1.0,1.0,1.0,1.0,1.0,1.0,1.0,1.0,1.0,1.0,1.0,1.0,1.0,1.0,2123.98381635,1911.440976,2406.909755,4279.67042475,3825.331901,4753.132429,2108.022395,2327.0392726,4248.965780500001,4667.41883005,16,0.1875
random,Krum,none,20,0.45,0.0,1.0,0.0,0.0,0.0,0.0,0.0,0.0,0.0,0.0,0.0,0.0,0.0,0.0,0.0,0.0,0.0,0.55,0.0,1.0,0.0,0.0,0.0,0.0,0.0,0.0,0.0,0.0,0.0,0.1,0.0,1.0,0.5617756058238749,0.4747386759581881,0.6952614379084967,0.5510721572526946,0.4843517138599106,0.6952614379084967,-0.01070344857118027,-0.1323729036213163,0.0376488666922781,0.0015247542438825,-0.0048072759445,0.0171489140835,1.0,1.0,1.0,1.0,1.0,1.0,1.0,1.0,1.0,1.0,1.0,1.0,1.0,1.0,1.0,1.0,1.0,1.0,1.0,1.0,1.0,1.0,1.0,1.0,2103.82361155,1843.583636,2404.748558,4270.936643800002,3813.148982,4757.129142,2072.1734505,2387.9117954,4234.3858095,4678.21531245,9,0.2222222222222222
random,FLTrust,score_aware,20,0.2,0.0,1.0,0.0,0.0,0.0,0.0,0.0,0.0,0.0,0.0,0.0,0.0,0.0,0.0,0.0,0.0,0.0,0.25,0.0,1.0,0.0,0.0,0.0,0.0,0.0,0.0,0.0,0.0,0.0,0.2,0.0,1.0,0.5373999914008862,0.4668074241382696,0.8472222222222222,0.5281327886455756,0.4668074241382696,0.6944444444444444,-0.009267202755310712,-0.1527777777777778,0.068396770472895,0.005521419853582501,-0.0107111991332,0.02528430716755,1.0,1.0,1.0,1.0,1.0,1.0,1.0,1.0,1.0,1.0,1.0,1.0,1.0,1.0,1.0,1.0,1.0,1.0,1.0,1.0,1.0,1.0,1.0,1.0,2126.52373855,1881.681743,2363.628426,4277.0475851500005,3861.134411,4828.005783,2114.8598135,2337.0231221500003,4237.5946095,4747.952483550001,6,0.6666666666666666
random,FedAvg,score_aware,20,0.5,0.0,1.0,0.0,0.0,0.0,0.0,0.0,0.0,0.0,0.0,0.0,0.0,0.0,0.0,0.0,0.0,0.0,0.55,0.0,1.0,0.0,0.0,0.0,0.0,0.0,0.0,0.0,0.0,0.0,0.05,0.0,1.0,0.5395134272690388,0.4836065573770491,0.6944444444444444,0.5420591595272798,0.4836065573770491,0.6944444444444444,0.002545732258240995,-0.011111111111111,0.0611681233428262,0.0010601016525949999,-1.019030935e-05,0.02111887450485,1.0,1.0,1.0,1.0,1.0,1.0,1.0,1.0,1.0,1.0,1.0,1.0,1.0,1.0,1.0,1.0,1.0,1.0,1.0,1.0,1.0,1.0,1.0,1.0,2138.3420768500005,1921.780825,2596.664191,4297.494124700001,3871.809632,4980.82532,2108.0195575,2358.43818105,4262.984184999999,4786.73887315,6,0.16666666666666666
random,FoundationFL,score_aware,20,0.65,0.0,1.0,0.0,0.0,0.0,0.0,0.0,0.0,0.0,0.0,0.0,0.0,0.0,0.0,0.0,0.0,0.0,0.7,0.0,1.0,0.0,0.0,0.0,0.0,0.0,0.0,0.0,0.0,0.0,0.15,0.0,1.0,0.5140909201126797,0.4697712418300653,0.5986431976530986,0.5226082211820243,0.4697712418300653,0.6016645389374448,0.00851730106934467,-0.0162792931233192,0.0802219745518714,0.0017582662615824997,-0.00486172311625,0.02569945934515,1.0,1.0,1.0,1.0,1.0,1.0,1.0,1.0,1.0,1.0,1.0,1.0,1.0,1.0,1.0,1.0,1.0,1.0,1.0,1.0,1.0,1.0,1.0,1.0,2157.66680635,1901.837843,2472.028047,4306.833334950001,3847.255218,4763.237997,2141.712636,2379.7026162,4298.283329,4730.955122650001,14,0.21428571428571427
random,CoordinateMedian,sign_flip,20,0.85,0.0,1.0,0.0,0.0,0.0,0.0,0.0,0.0,0.0,0.0,0.0,0.0,0.0,0.0,0.0,0.0,0.0,0.85,0.0,1.0,0.0,0.0,0.0,0.0,0.0,0.0,0.0,0.0,0.0,0.1,0.0,1.0,0.5313553471612953,0.4653284671532847,0.6658496732026143,0.5294539977024157,0.4653284671532847,0.6658496732026143,-0.0019013494588795501,-0.0236348200479062,0.0,5.340702758749999e-05,-0.0003447923482,0.0017298743275,1.0,1.0,1.0,1.0,1.0,1.0,1.0,1.0,1.0,1.0,1.0,1.0,1.0,1.0,1.0,1.0,1.0,1.0,1.0,1.0,1.0,1.0,1.0,1.0,2105.6721191499996,1867.451629,2464.907808,4263.92888635,3826.218562,4617.627627,2095.952427,2284.89505445,4270.745497,4578.29740185,18,0.1111111111111111
random,FLShield,sign_flip,20,0.75,0.0,1.0,0.0,0.0,0.0,0.0,0.0,0.0,0.0,0.0,0.0,0.0,0.0,0.0,0.0,0.0,0.0,0.8,0.0,1.0,0.0,0.0,0.0,0.0,0.0,0.0,0.0,0.0,0.0,0.1,0.0,1.0,0.5351319862248933,0.4798807749627422,0.6944444444444444,0.5324961611335217,0.4798807749627422,0.6944444444444444,-0.00263582509137157,-0.0280616112307084,0.003731343283582,0.00021812064003500002,-0.00130245208045,0.00331197026375,1.0,1.0,1.0,1.0,1.0,1.0,1.0,1.0,1.0,1.0,1.0,1.0,1.0,1.0,1.0,1.0,1.0,1.0,1.0,1.0,1.0,1.0,1.0,1.0,2099.8518359999994,1858.040378,2442.198131,4271.4178892,3792.96912,4717.076275,2057.403981,2331.3008747,4237.618892,4669.1606804,14,0.14285714285714285
random,FLTrust,sign_flip,20,0.2,0.0,1.0,0.0,0.0,0.0,0.0,0.0,0.0,0.0,0.0,0.0,0.0,0.0,0.0,0.0,0.0,0.0,0.15,0.0,1.0,0.0,0.0,0.0,0.0,0.0,0.0,0.0,0.0,0.0,0.1,0.0,1.0,0.5378895213429116,0.4614430914268879,0.8709150326797386,0.5343947345578818,0.4836065573770491,0.6944444444444444,-0.00349478678502968,-0.1764705882352941,0.1402214475105568,0.010169943922584999,-0.01053725933755,0.04200271425785,1.0,1.0,1.0,1.0,1.0,1.0,1.0,1.0,1.0,1.0,1.0,1.0,1.0,1.0,1.0,1.0,1.0,1.0,1.0,1.0,1.0,1.0,1.0,1.0,2079.621754500001,1850.759625,2335.398843,4211.570195850001,3800.010901,4540.037806,2071.6360185,2300.99673335,4206.576461000001,4520.14548905,5,0.4
random,FedAvg,sign_flip,20,0.6,0.0,1.0,0.0,0.0,0.0,0.0,0.0,0.0,0.0,0.0,0.0,0.0,0.0,0.0,0.0,0.0,0.0,0.7,0.0,1.0,0.0,0.0,0.0,0.0,0.0,0.0,0.0,0.0,0.0,0.1,0.0,1.0,0.5363975594257376,0.4635036496350365,0.6578512396694215,0.5417661690072355,0.4865543735224586,0.6578512396694215,0.00536860958149773,-0.0196270665128797,0.0946984248943527,0.00210925734546,-0.0066384471952,0.0292067299794,1.0,1.0,1.0,1.0,1.0,1.0,1.0,1.0,1.0,1.0,1.0,1.0,1.0,1.0,1.0,1.0,1.0,1.0,1.0,1.0,1.0,1.0,1.0,1.0,2139.7140010499998,1855.809604,2450.658242,4294.876305250001,3861.215706,4769.691349,2143.0656465,2413.401104,4279.3746790000005,4676.33240655,10,0.2
random,FedVal,sign_flip,20,0.55,0.0,1.0,0.0,0.0,0.0,0.0,0.0,0.0,0.0,0.0,0.0,0.0,0.0,0.0,0.0,0.0,0.0,0.6,0.0,1.0,0.0,0.0,0.0,0.0,0.0,0.0,0.0,0.0,0.0,0.1,0.0,1.0,0.5123462324183615,0.4665032679738562,0.6013281322559674,0.5262814772009424,0.4665032679738562,0.6016645389374448,0.013935244782580894,-0.0353162440791308,0.0981292349995089,0.0019551543312475,-0.00325553879485,0.0193933602264,1.0,1.0,1.0,1.0,1.0,1.0,1.0,1.0,1.0,1.0,1.0,1.0,1.0,1.0,1.0,1.0,1.0,1.0,1.0,1.0,1.0,1.0,1.0,1.0,2101.7701165,1901.500842,2373.282069,4249.5527757,3836.722194,4640.661771,2103.92055,2273.7789075,4234.523956,4630.22052905,11,0.18181818181818182
random,FoundationFL,sign_flip,20,0.35,0.0,1.0,0.2,0.0,1.0,0.0,0.0,0.0,0.0,0.0,0.0,0.0,0.0,0.0,0.0,0.0,0.0,0.4,0.0,1.0,0.0,0.0,0.0,0.0,0.0,0.0,0.0,0.0,0.0,0.05,0.0,1.0,0.5521051464502779,0.3884322466796693,0.8488562091503268,0.5516934946989523,0.4836065573770491,0.8488562091503268,-0.0004116517513257643,-0.1803870082558607,0.1775796414971672,0.03583408239669,-0.0115229959239,0.24553754937335,1.0,1.0,1.0,1.0,1.0,1.0,1.0,1.0,1.0,1.0,1.0,1.0,1.0,1.0,1.0,1.0,1.0,1.0,1.0,1.0,1.0,1.0,1.0,1.0,2128.0346822,1903.359959,2455.595235,4280.1097377,3852.854486,4631.50318,2101.796606,2296.4550882000003,4246.991050500001,4621.50266585,6,0.16666666666666666
random,Krum,sign_flip,20,0.7,0.0,1.0,0.0,0.0,0.0,0.0,0.0,0.0,0.0,0.0,0.0,0.0,0.0,0.0,0.0,0.0,0.0,0.75,0.0,1.0,0.0,0.0,0.0,0.0,0.0,0.0,0.0,0.0,0.0,0.0,0.0,0.0,0.5583343368967937,0.4843517138599106,0.7957516339869282,0.5532861837660967,0.4843517138599106,0.7957516339869282,-0.00504815313069723,-0.070675105485232,0.0064738292011019,0.0008111061474775,0.0,0.00669083285175,1.0,1.0,1.0,1.0,1.0,1.0,1.0,1.0,1.0,1.0,1.0,1.0,1.0,1.0,1.0,1.0,1.0,1.0,1.0,1.0,1.0,1.0,1.0,1.0,2082.57629015,1856.155861,2398.27929,4227.28961495,3809.226697,4773.743392,2082.4849480000003,2350.4855110500002,4208.662054,4537.76633795,12,0.0
