seed,method,attack,accepted,commit_delta,audit_delta,operational_harm,declared_harm,harmful_escape,declared_harmful_escape,beneficial,false_rejection,before_balanced_accuracy,candidate_balanced_accuracy,installed_balanced_accuracy,gate_replay_ms
0,FedAvg,none,1,-0.002394645625026316,-0.001915674480975,0,0,0,0,1,0,0.5322646404744255,0.5106745737583396,0.5106745737583396,462.631449
0,CoordinateMedian,none,1,-0.0069592046659473685,-0.00681264124255,0,0,0,0,1,0,0.5322646404744255,0.505386706202125,0.505386706202125,529.917259
0,Krum,none,1,-0.007096203669315789,-0.003756839092525,0,0,0,0,1,0,0.5322646404744255,0.47195453422288114,0.47195453422288114,514.500568
0,FLTrust,none,1,-0.0006505234109210527,-0.000256469064875,0,0,0,0,1,0,0.5322646404744255,0.5212503088707685,0.5212503088707685,474.898482
0,FedVal,none,1,-0.007543260711,-0.00732065513135,0,0,0,0,1,0,0.5322646404744255,0.4891092167037312,0.4891092167037312,442.103894
0,FLShield,none,0,0.005804333888763158,0.0023706200386,0,0,0,0,0,0,0.5322646404744255,0.5992525327403015,0.5322646404744255,488.730122
0,FedAvg,sign_flip,0,0.009818509977052631,0.009080961789375,0,0,0,0,0,0,0.5322646404744255,0.5151346676550531,0.5322646404744255,470.731586
0,CoordinateMedian,sign_flip,0,0.0029501093171052633,0.0028381759176,0,0,0,0,0,0,0.5322646404744255,0.5137694588584136,0.5322646404744255,476.883648
0,Krum,sign_flip,1,-0.007096203669315789,-0.003756839092525,0,0,0,0,1,0,0.5322646404744255,0.47195453422288114,0.47195453422288114,511.148647
0,FLTrust,sign_flip,1,-0.000289000067,8.92424417e-05,0,0,0,0,0,0,0.5322646404744255,0.5203731158883124,0.5203731158883124,467.893937
0,FedVal,sign_flip,1,-0.0018534728788157896,-0.001934366101475,0,0,0,0,1,0,0.5322646404744255,0.5102359772671115,0.5102359772671115,468.491178
0,FLShield,sign_flip,0,0.0003477421185263158,0.000585824664625,0,0,0,0,0,0,0.5322646404744255,0.508042994810971,0.5322646404744255,469.190188
0,FedAvg,model_replacement,0,0.26628669334139476,0.27313065117695,1,0,0,0,0,0,0.5322646404744255,0.48181986656782805,0.5322646404744255,461.718861
0,CoordinateMedian,model_replacement,0,0.002310849237,0.003893419981275,0,0,0,0,0,0,0.5322646404744255,0.49439708425994566,0.5322646404744255,454.24073
0,Krum,model_replacement,0,0.010269152374421053,0.008246969660875,0,0,0,0,0,0,0.5322646404744255,0.5983753397578453,0.5322646404744255,485.809582
0,FLTrust,model_replacement,1,-0.0003971570199736842,-3.5791649775e-05,0,0,0,0,1,0,0.5322646404744255,0.5212503088707685,0.5212503088707685,473.649589
0,FedVal,model_replacement,0,0.015151463786921053,0.015463253310475,0,0,0,0,0,0,0.5322646404744255,0.5111131702495676,0.5322646404744255,464.195024
0,FLShield,model_replacement,1,-0.0018172500664473685,-0.001729961470425,0,0,0,0,1,0,0.5322646404744255,0.5168396342970102,0.5168396342970102,482.341462
1,FedAvg,none,1,-0.0015086270227368422,8.821140525e-05,0,0,0,0,0,0,0.5016005432146667,0.49990992613943436,0.49990992613943436,500.645584
1,CoordinateMedian,none,1,-0.0038025279254736842,-0.005700490956775,0,0,0,0,1,0,0.5016005432146667,0.5024458517522831,0.5024458517522831,492.971571
1,Krum,none,1,-0.008078235620026316,-0.0038257041028,0,0,0,0,1,0,0.5016005432146667,0.5041364688275155,0.5041364688275155,505.989536
1,FLTrust,none,0,0.00046484172760526317,0.000232534444075,0,0,0,0,0,0,0.5016005432146667,0.5011778889458587,0.5016005432146667,499.614455
1,FedVal,none,1,-0.007175153125,0.000944794341075,0,0,0,0,0,0,0.5016005432146667,0.5032911602898993,0.5032911602898993,512.801377
1,FLShield,none,1,-0.00550378061431579,0.00443006694535,0,0,0,0,0,0,0.5016005432146667,0.5011778889458587,0.5011778889458587,500.730045
1,FedAvg,sign_flip,1,-0.006568508980447368,0.001040214280875,0,0,0,0,0,0,0.5016005432146667,0.503124870085778,0.503124870085778,507.673616
1,CoordinateMedian,sign_flip,1,-0.007598176055894737,-0.0060128508936,0,0,0,0,1,0,0.5016005432146667,0.5087856657844048,0.5087856657844048,501.143176
1,Krum,sign_flip,1,-0.008078235620026316,-0.0038257041028,0,0,0,0,1,0,0.5016005432146667,0.5041364688275155,0.5041364688275155,504.00579
1,FLTrust,sign_flip,0,0.00038540005936842103,0.000184973416275,0,0,0,0,0,0,0.5016005432146667,0.5016005432146667,0.5016005432146667,510.151873
1,FedVal,sign_flip,1,-0.008388719838710526,0.0032332152837,0,0,0,0,0,0,0.5016005432146667,0.48393913778529163,0.48393913778529163,506.275659
1,FLShield,sign_flip,1,-0.002589971895973684,-0.000904549978525,0,0,0,0,1,0,0.5016005432146667,0.5041364688275155,0.5041364688275155,497.895618
1,FedAvg,model_replacement,0,0.3970705334767105,0.432163354839525,1,1,0,0,0,0,0.5016005432146667,0.4908817538073528,0.5016005432146667,502.604248
1,CoordinateMedian,model_replacement,1,-0.0010526470462631579,-0.0016480221636,0,0,0,0,1,0,0.5016005432146667,0.5054044316339398,0.5054044316339398,507.125926
1,Krum,model_replacement,1,-0.0012221540488421053,-0.00642551916365,0,0,0,0,1,0,0.5016005432146667,0.5206962016545875,0.5206962016545875,539.835108
1,FLTrust,model_replacement,0,0.0005206483531578947,0.00038650489,0,0,0,0,0,0,0.5016005432146667,0.5016005432146667,0.5016005432146667,485.893233
1,FedVal,model_replacement,0,0.020009576016763158,0.02486657123545,0,0,0,0,0,0,0.5016005432146667,0.5054044316339398,0.5016005432146667,489.107232
1,FLShield,model_replacement,1,-0.001687592531368421,-0.0022965838296,0,0,0,0,1,0,0.5016005432146667,0.5184166401064257,0.5184166401064257,502.202739
2,FedAvg,none,1,-0.005219662075105263,-0.004410235800825,0,0,0,0,1,0,0.5315501046125832,0.538268946258021,0.538268946258021,445.592294
2,CoordinateMedian,none,1,-0.014193351057131579,-0.01215935231795,0,0,0,0,1,0,0.5315501046125832,0.5480823944463412,0.5480823944463412,435.210087
2,Krum,none,1,-0.016086386334447367,-0.014410067428025,0,0,0,0,1,0,0.5315501046125832,0.5547136941810892,0.5547136941810892,498.735035
2,FLTrust,none,1,-0.000237681978,-0.000114353285225,0,0,0,0,1,0,0.5315501046125832,0.536058513013105,0.536058513013105,436.845874
2,FedVal,none,1,-0.009213640944947369,-0.0085304352037,0,0,0,0,1,0,0.5315501046125832,0.5183794241493115,0.5183794241493115,453.439273
2,FLShield,none,1,-0.010081231577342106,-0.009472657338225,0,0,0,0,1,0,0.5315501046125832,0.5188215107982947,0.5188215107982947,500.60339
2,FedAvg,sign_flip,0,0.010832346286394737,0.0087684528076,0,0,0,0,0,0,0.5315501046125832,0.5339356216788788,0.5315501046125832,458.729495
2,CoordinateMedian,sign_flip,1,-0.010872035097157895,-0.009542726451975,0,0,0,0,1,0,0.5315501046125832,0.527396240950355,0.527396240950355,448.11474
2,Krum,sign_flip,1,-0.016707568958368422,-0.014122554035,0,0,0,0,1,0,0.5315501046125832,0.5637305109821327,0.5637305109821327,498.540863
2,FLTrust,sign_flip,1,-0.00019006188439473686,-6.85405615e-05,0,0,0,0,1,0,0.5315501046125832,0.536058513013105,0.536058513013105,440.342147
2,FedVal,sign_flip,1,-0.006284370884236842,-0.00545204903765,0,0,0,0,1,0,0.5315501046125832,0.5166110775533788,0.5166110775533788,447.60139
2,FLShield,sign_flip,1,-0.004382198517789474,-0.003618658687975,0,0,0,0,1,0,0.5315501046125832,0.538268946258021,0.538268946258021,464.302212
2,FedAvg,model_replacement,0,0.3147510531038684,0.3090728815814,1,0,0,0,0,0,0.5315501046125832,0.44192907354395916,0.5315501046125832,454.214891
2,CoordinateMedian,model_replacement,1,-0.007137231881236842,-0.006259580881875,0,0,0,0,1,0,0.5315501046125832,0.5197056840962611,0.5197056840962611,455.080356
2,Krum,model_replacement,1,-0.016086386334447367,-0.014410067428025,0,0,0,0,1,0,0.5315501046125832,0.5547136941810892,0.5547136941810892,459.714713
2,FLTrust,model_replacement,1,-0.00017769678315789474,-5.878649255e-05,0,0,0,0,1,0,0.5315501046125832,0.536058513013105,0.536058513013105,435.896394
2,FedVal,model_replacement,0,0.012573238827447368,0.012517185903575,0,0,0,0,0,0,0.5315501046125832,0.5157269042554122,0.5315501046125832,440.161782
2,FLShield,model_replacement,1,-0.004563108722263158,-0.003835384113575,0,0,0,0,1,0,0.5315501046125832,0.5378268596090379,0.5378268596090379,443.795909
3,FedAvg,none,1,-0.00044250221107894734,-0.003068191187675,0,0,0,0,1,0,0.5133957375336686,0.519356226252778,0.519356226252778,494.165021
3,CoordinateMedian,none,1,-0.0027292629158421054,-0.0057422339126,0,0,0,0,1,0,0.5133957375336686,0.5216861423757976,0.5216861423757976,462.516743
3,Krum,none,1,-0.005317431397473684,-0.0082905751332,0,0,0,0,1,0,0.5133957375336686,0.5257826981964913,0.5257826981964913,482.997727
3,FLTrust,none,1,-0.0010156546253421053,-0.00038310353,0,0,0,0,1,0,0.5133957375336686,0.5133957375336686,0.5133957375336686,464.172057
3,FedVal,none,1,-0.008652801922263158,-0.007109778132475,0,0,0,0,1,0,0.5133957375336686,0.4929129584301998,0.4929129584301998,454.620346
3,FLShield,none,0,0.002909023735868421,0.0014813217687,0,0,0,0,0,0,0.5133957375336686,0.5206568827258482,0.5133957375336686,514.928718
3,FedAvg,sign_flip,1,-0.008069546739710526,-0.0031059774472,0,0,0,0,1,0,0.5133957375336686,0.4896510758579724,0.4896510758579724,476.872955
3,CoordinateMedian,sign_flip,1,-0.006524666677236842,-0.007027785045125,0,0,0,0,1,0,0.5133957375336686,0.5066005755660928,0.5066005755660928,465.415523
3,Krum,sign_flip,1,-0.005005567658289474,-0.009382310891825,0,0,0,0,1,0,0.5133957375336686,0.5171236033304999,0.5171236033304999,485.648779
3,FLTrust,sign_flip,1,-0.0008103645704473684,-0.00011845751245,0,0,0,0,1,0,0.5133957375336686,0.5133957375336686,0.5133957375336686,459.428247
3,FedVal,sign_flip,1,-0.005058768872657895,-0.006002989409125,0,0,0,0,1,0,0.5133957375336686,0.5102311481621826,0.5102311481621826,457.722746
3,FLShield,sign_flip,1,-0.0020061624515,-0.0032750539346,0,0,0,0,1,0,0.5133957375336686,0.5138617207582725,0.5138617207582725,468.006199
3,FedAvg,model_replacement,0,0.26840451604105264,0.327761303289275,1,0,0,0,0,0,0.5133957375336686,0.485964175619348,0.5133957375336686,477.765747
3,CoordinateMedian,model_replacement,1,-0.006772913354394737,-0.006321183632125,0,0,0,0,1,0,0.5133957375336686,0.4929129584301998,0.4929129584301998,462.968291
3,Krum,model_replacement,1,-0.005317431397473684,-0.0082905751332,0,0,0,0,1,0,0.5133957375336686,0.5257826981964913,0.5257826981964913,517.628778
3,FLTrust,model_replacement,1,-2.157594855263158e-05,0.0003561781754,0,0,0,0,0,0,0.5133957375336686,0.5133957375336686,0.5133957375336686,484.259551
3,FedVal,model_replacement,0,0.011656572038526316,0.01056131451165,0,0,0,0,0,0,0.5133957375336686,0.5020380365207952,0.5133957375336686,471.831646
3,FLShield,model_replacement,1,-0.002149987523894737,-0.0040858410115,0,0,0,0,1,0,0.5133957375336686,0.5216861423757976,0.5216861423757976,465.610868
4,FedAvg,none,1,-0.0024310168840526317,-0.0025365967102,0,0,0,0,1,0,0.5909250879839115,0.5913775766716943,0.5913775766716943,449.952993
4,CoordinateMedian,none,1,-0.007934570093289474,-0.008588313241125,0,0,0,0,1,0,0.5909250879839115,0.566157616892911,0.566157616892911,474.377937
4,Krum,none,0,0.0054798243618157895,0.005816353908525,0,0,0,0,0,0,0.5909250879839115,0.6024132730015083,0.5909250879839115,503.515389
4,FLTrust,none,1,-0.0016051700737105263,-0.0012241463332,0,0,0,0,1,0,0.5909250879839115,0.5723541980894922,0.5723541980894922,508.941893
4,FedVal,none,1,-0.009419181685605264,-0.007572982438175,0,0,0,0,1,0,0.5909250879839115,0.5041101055806938,0.5041101055806938,472.841316
4,FLShield,none,1,-0.004329584938921053,-0.002572930401,0,0,0,0,1,0,0.5909250879839115,0.5501633986928105,0.5501633986928105,509.069805
4,FedAvg,sign_flip,0,0.002993619173736842,0.001467386268775,0,0,0,0,0,0,0.5909250879839115,0.6155354449472097,0.5909250879839115,451.336385
4,CoordinateMedian,sign_flip,1,-0.004384032613789474,-0.0050547602484,0,0,0,0,1,0,0.5909250879839115,0.5824660633484162,0.5824660633484162,468.012765
4,Krum,sign_flip,0,0.0054798243618157895,0.005816353908525,0,0,0,0,0,0,0.5909250879839115,0.6024132730015083,0.5909250879839115,509.638136
4,FLTrust,sign_flip,1,-0.0014340946560263159,-0.0011040117766,0,0,0,0,1,0,0.5909250879839115,0.5788461538461538,0.5788461538461538,456.438272
4,FedVal,sign_flip,1,-0.008389675229815789,-0.0081382019767,0,0,0,0,1,0,0.5909250879839115,0.5071204122674711,0.5071204122674711,454.458991
4,FLShield,sign_flip,1,-0.0041938959712105265,-0.00426920041245,0,0,0,0,1,0,0.5909250879839115,0.577331573655103,0.577331573655103,476.541768
4,FedAvg,model_replacement,0,0.2932917318078158,0.2983787451855,1,0,0,0,0,0,0.5909250879839115,0.4111802413273002,0.5909250879839115,488.709692
4,CoordinateMedian,model_replacement,1,-0.0027109069108157894,-0.0025970882672,0,0,0,0,1,0,0.5909250879839115,0.563895173453997,0.563895173453997,490.187053
4,Krum,model_replacement,0,0.0054798243618157895,0.005816353908525,0,0,0,0,0,0,0.5909250879839115,0.6024132730015083,0.5909250879839115,514.967478
4,FLTrust,model_replacement,1,-0.0011928026879473685,-0.000844328081075,0,0,0,0,1,0,0.5909250879839115,0.5788461538461538,0.5788461538461538,477.407639
4,FedVal,model_replacement,0,0.013915145685842106,0.015018292733625,0,0,0,0,0,0,0.5909250879839115,0.5788461538461538,0.5909250879839115,488.562145
4,FLShield,model_replacement,1,-0.0026745519008947367,-0.0028773619151,0,0,0,0,1,0,0.5909250879839115,0.578393665158371,0.578393665158371,511.861464
5,FedAvg,none,1,-0.008819608634552632,-0.00788840430415,0,0,0,0,1,0,0.522288752540099,0.4932527077948981,0.4932527077948981,460.14257
5,CoordinateMedian,none,1,-0.01486529531736842,-0.014496246118825,0,0,0,0,1,0,0.522288752540099,0.4943821887268925,0.4943821887268925,466.74028
5,Krum,none,1,-0.0067884962732631575,-0.0037522821164,0,0,0,0,1,0,0.522288752540099,0.516453923096652,0.516453923096652,510.342932
5,FLTrust,none,0,0.0005833239785,0.000581203374325,0,0,0,0,0,0,0.522288752540099,0.5218399195059877,0.522288752540099,487.627854
5,FedVal,none,1,-0.01912015169605263,-0.018347661438,0,0,0,0,1,0,0.522288752540099,0.49113184840294355,0.49113184840294355,463.19833
5,FLShield,none,0,0.005096454240631579,0.006748108032475,0,0,0,0,0,0,0.522288752540099,0.5436946357054077,0.522288752540099,470.894602
5,FedAvg,sign_flip,0,0.037612221074394735,0.035843013394125,0,0,0,0,0,0,0.522288752540099,0.5600104563300254,0.522288752540099,456.981273
5,CoordinateMedian,sign_flip,1,-0.013677083511,-0.013278002218975,0,0,0,0,1,0,0.522288752540099,0.49853019511906405,0.49853019511906405,457.799194
5,Krum,sign_flip,1,-0.0067884962732631575,-0.0037522821164,0,0,0,0,1,0,0.522288752540099,0.516453923096652,0.516453923096652,513.717254
5,FLTrust,sign_flip,0,0.0008464979179736842,0.00081511390705,0,0,0,0,0,0,0.522288752540099,0.5213910864718764,0.522288752540099,458.891516
5,FedVal,sign_flip,1,-0.00836203569068421,-0.007511708861625,0,0,0,0,1,0,0.522288752540099,0.508838558210192,0.508838558210192,496.64234
5,FLShield,sign_flip,1,-0.004899283894710526,-0.004143182075925,0,0,0,0,1,0,0.522288752540099,0.523635251642433,0.523635251642433,490.732309
5,FedAvg,model_replacement,0,0.30556089897347366,0.2778369572598,1,0,0,0,0,0,0.522288752540099,0.4876792866020873,0.522288752540099,460.068855
5,CoordinateMedian,model_replacement,1,-0.005877242909526316,-0.00621904009405,0,0,0,0,1,0,0.522288752540099,0.4944906978120623,0.4944906978120623,446.274523
5,Krum,model_replacement,1,-0.0067884962732631575,-0.0037522821164,0,0,0,0,1,0,0.522288752540099,0.516453923096652,0.516453923096652,461.070146
5,FLTrust,model_replacement,0,0.0008989939901578948,0.000844111411025,0,0,0,0,0,0,0.522288752540099,0.5218399195059877,0.522288752540099,450.186372
5,FedVal,model_replacement,0,0.014483591810947369,0.013321482548625,0,0,0,0,0,0,0.522288752540099,0.5195957543354311,0.522288752540099,469.038849
5,FLShield,model_replacement,1,-0.0042153611002105264,-0.003388937730075,0,0,0,0,1,0,0.522288752540099,0.5218399195059877,0.5218399195059877,446.370899
6,FedAvg,none,0,0.0009490026526578947,0.001647081131125,0,0,0,0,0,0,0.4919146898482393,0.4988212759687638,0.4919146898482393,445.810156
6,CoordinateMedian,none,1,-0.0004803911851842105,0.000494671767375,0,0,0,0,0,0,0.4919146898482393,0.5012523942831885,0.5012523942831885,438.662149
6,Krum,none,1,-0.005625703081342105,-0.005509868884475,0,0,0,0,1,0,0.4919146898482393,0.49678613525858256,0.49678613525858256,450.969575
6,FLTrust,none,0,0.0007278803975526315,0.001004801813425,0,0,0,0,0,0,0.4919146898482393,0.49678613525858256,0.4919146898482393,439.972257
6,FedVal,none,1,-0.009739919981131578,-0.0130355594444,0,0,0,0,1,0,0.4919146898482393,0.5040702814203625,0.5040702814203625,504.741206
6,FLShield,none,0,0.017267819504342106,0.021232097225875,0,0,0,0,0,0,0.4919146898482393,0.617393546485929,0.4919146898482393,495.920829
6,FedAvg,sign_flip,1,-0.003694928826131579,-0.010521394131225,0,0,0,0,1,0,0.4919146898482393,0.49798327685280686,0.49798327685280686,480.978612
6,CoordinateMedian,sign_flip,1,-0.008479209310552632,-0.013950581944775,0,0,0,0,1,0,0.4919146898482393,0.5008195815529689,0.5008195815529689,463.048313
6,Krum,sign_flip,1,-0.0043934776044736844,-0.005156496028425,0,0,0,0,1,0,0.4919146898482393,0.4947509945484013,0.4947509945484013,506.331216
6,FLTrust,sign_flip,0,0.0006759805096578947,0.000948928153975,0,0,0,0,0,0,0.4919146898482393,0.49678613525858256,0.4919146898482393,451.740942
6,FedVal,sign_flip,1,-0.011129106694526316,-0.0167816509564,0,0,0,0,1,0,0.4919146898482393,0.5028455134816562,0.5028455134816562,449.973936
6,FLShield,sign_flip,1,-0.0012761200955789473,-0.0016004740559,0,0,0,0,1,0,0.4919146898482393,0.4923198762339767,0.4923198762339767,452.68037
6,FedAvg,model_replacement,0,0.2807646610623684,0.290285252942625,1,0,0,0,0,0,0.4919146898482393,0.4260719021659054,0.4919146898482393,461.904372
6,CoordinateMedian,model_replacement,0,0.007336840363842106,0.00981404925355,0,0,0,0,0,0,0.4919146898482393,0.5130304258140562,0.4919146898482393,438.998088
6,Krum,model_replacement,1,-0.005625703081342105,-0.005509868884475,0,0,0,0,1,0,0.4919146898482393,0.49678613525858256,0.49678613525858256,468.633794
6,FLTrust,model_replacement,0,0.0007652564122631579,0.00103424070405,0,0,0,0,0,0,0.4919146898482393,0.49678613525858256,0.4919146898482393,459.223756
6,FedVal,model_replacement,0,0.02223215610863158,0.025302443923575,0,0,0,0,0,0,0.4919146898482393,0.5893620156180934,0.4919146898482393,448.525115
6,FLShield,model_replacement,0,0.0059495709171315785,0.00793000184585,0,0,0,0,0,0,0.4919146898482393,0.5089785619566819,0.4919146898482393,478.889598
7,FedAvg,none,1,-0.0035276902627368423,-0.004178475451575,0,0,0,0,1,0,0.5811447811447812,0.5312289562289563,0.5312289562289563,459.808078
7,CoordinateMedian,none,1,-0.007824325061131579,-0.0087137273151,0,0,0,0,1,0,0.5811447811447812,0.5067340067340067,0.5067340067340067,443.900755
7,Krum,none,1,-0.0006095993730789473,-0.001033282924075,0,0,0,0,1,0,0.5811447811447812,0.5779040404040404,0.5779040404040404,472.301518
7,FLTrust,none,0,0.0004217211967105263,0.000452275263175,0,0,0,0,0,0,0.5811447811447812,0.5897727272727273,0.5811447811447812,433.196992
7,FedVal,none,1,-0.008188640159394737,-0.009513921374675,0,0,0,0,1,0,0.5811447811447812,0.49132996632996634,0.49132996632996634,452.776832
7,FLShield,none,0,0.0006047529775789473,0.00048804833195,0,0,0,0,0,0,0.5811447811447812,0.5851430976430976,0.5811447811447812,461.386909
7,FedAvg,sign_flip,0,0.023285243554868423,0.023520168986875,0,0,0,0,0,0,0.5811447811447812,0.6006313131313131,0.5811447811447812,413.908549
7,CoordinateMedian,sign_flip,0,0.0012428079291578948,0.001389186441725,0,0,0,0,0,0,0.5811447811447812,0.5883838383838385,0.5811447811447812,453.028609
7,Krum,sign_flip,1,-0.0006095993730789473,-0.001033282924075,0,0,0,0,1,0,0.5811447811447812,0.5779040404040404,0.5779040404040404,453.56021
7,FLTrust,sign_flip,0,0.0004991472330789473,0.00054223124685,0,0,0,0,0,0,0.5811447811447812,0.5897727272727273,0.5811447811447812,414.345809
7,FedVal,sign_flip,0,0.0018684170673947367,0.001722386590125,0,0,0,0,0,0,0.5811447811447812,0.5900673400673401,0.5811447811447812,421.858831
7,FLShield,sign_flip,0,0.0011195758495,0.000993382233875,0,0,0,0,0,0,0.5811447811447812,0.5923821548821548,0.5811447811447812,473.525508
7,FedAvg,model_replacement,0,0.250795559,0.252275234017975,1,0,0,0,0,0,0.5811447811447812,0.5217592592592593,0.5811447811447812,425.947472
7,CoordinateMedian,model_replacement,1,-0.0011587603535,-0.0012119882229,0,0,0,0,1,0,0.5811447811447812,0.5503367003367003,0.5503367003367003,428.782951
7,Krum,model_replacement,0,0.007907940541052632,0.0086461982708,0,0,0,0,0,0,0.5811447811447812,0.6162457912457913,0.5811447811447812,483.712629
7,FLTrust,model_replacement,0,0.00044503933915789474,0.00047706288595,0,0,0,0,0,0,0.5811447811447812,0.5897727272727273,0.5811447811447812,458.485686
7,FedVal,model_replacement,0,0.011804632015210526,0.01264825230255,0,0,0,0,0,0,0.5811447811447812,0.572979797979798,0.5811447811447812,427.631605
7,FLShield,model_replacement,1,-0.0012350917694210527,-0.001498416045375,0,0,0,0,1,0,0.5811447811447812,0.5715909090909091,0.5715909090909091,471.227876
8,FedAvg,none,1,-0.0037964680287105265,-0.0043814616751,0,0,0,0,1,0,0.6050639195730421,0.5817188892775339,0.5817188892775339,437.892829
8,CoordinateMedian,none,1,-0.006915816337842105,-0.0078875888857,0,0,0,0,1,0,0.6050639195730421,0.5276213794893204,0.5276213794893204,439.575078
8,Krum,none,1,-0.002299263507236842,-0.002374481297475,0,0,0,0,1,0,0.6050639195730421,0.5263407313798278,0.5263407313798278,496.13752
8,FLTrust,none,1,-0.001630822096263158,-0.002309793218125,0,0,0,0,1,0,0.6050639195730421,0.5804156746815304,0.5804156746815304,432.324352
8,FedVal,none,1,-0.0068789544113947365,-0.007771129390425,0,0,0,0,1,0,0.6050639195730421,0.5587856973608494,0.5587856973608494,439.909241
8,FLShield,none,1,-0.005141209028157895,-0.00573389603335,0,0,0,0,1,0,0.6050639195730421,0.6102767779570559,0.6102767779570559,439.65776
8,FedAvg,sign_flip,0,0.0019441722245263158,0.001635411202025,0,0,0,0,0,0,0.6050639195730421,0.6158563417468716,0.6050639195730421,435.851156
8,CoordinateMedian,sign_flip,1,-0.005859934270447368,-0.006504801699025,0,0,0,0,1,0,0.6050639195730421,0.6055208909248875,0.6055208909248875,441.031323
8,Krum,sign_flip,1,-0.002299263507236842,-0.002374481297475,0,0,0,0,1,0,0.6050639195730421,0.5263407313798278,0.5263407313798278,459.200598
8,FLTrust,sign_flip,1,-0.0013511220959736843,-0.002091476426475,0,0,0,0,1,0,0.6050639195730421,0.578243650354858,0.578243650354858,433.664552
8,FedVal,sign_flip,1,-0.004809380941842105,-0.0055240380301,0,0,0,0,1,0,0.6050639195730421,0.6072359438997146,0.6072359438997146,437.278533
8,FLShield,sign_flip,1,-0.003985809737394737,-0.00451579010705,0,0,0,0,1,0,0.6050639195730421,0.6089735633610525,0.6089735633610525,438.332378
8,FedAvg,model_replacement,0,0.3372160430843158,0.318018074641375,1,0,0,0,0,0,0.6050639195730421,0.35906100849628214,0.6050639195730421,443.002469
8,CoordinateMedian,model_replacement,1,-0.0034229474516842104,-0.006421444793725,0,0,0,0,1,0,0.6050639195730421,0.4852302345786273,0.4852302345786273,437.783975
8,Krum,model_replacement,1,-0.002299263507236842,-0.002374481297475,0,0,0,0,1,0,0.6050639195730421,0.5263407313798278,0.5263407313798278,500.448688
8,FLTrust,model_replacement,1,-0.0008071753206842106,-0.001241564211125,0,0,0,0,1,0,0.6050639195730421,0.58430275198303,0.58430275198303,440.235135
8,FedVal,model_replacement,0,0.011881870887447368,0.012830599720925,0,0,0,0,0,0,0.6050639195730421,0.49430760377762983,0.6050639195730421,436.922072
8,FLShield,model_replacement,1,-0.005504313097842105,-0.00625629401825,0,0,0,0,1,0,0.6050639195730421,0.5531610005980119,0.5531610005980119,455.014943
9,FedAvg,none,0,0.0003200938602368421,-0.002787617056925,0,0,0,0,1,1,0.5233570159857904,0.52202486678508,0.5233570159857904,422.12082
9,CoordinateMedian,none,1,-0.008452420976710527,-0.007278369592575,0,0,0,0,1,0,0.5233570159857904,0.5018903831514844,0.5018903831514844,419.989115
9,Krum,none,1,-0.009397684298368422,-0.01754300061205,0,0,0,0,1,0,0.5233570159857904,0.4835701598579041,0.4835701598579041,487.949851
9,FLTrust,none,0,0.0002178174175,-0.000414178166975,0,0,0,0,1,1,0.5233570159857904,0.5224689165186501,0.5233570159857904,432.479368
9,FedVal,none,1,-0.0025854729200263157,-0.006614114457625,0,0,0,0,1,0,0.5233570159857904,0.5246891651865009,0.5246891651865009,430.007065
9,FLShield,none,1,-0.005179806523710527,0.004725341264625,0,0,0,0,0,0,0.5233570159857904,0.4859045927429586,0.4859045927429586,477.669699
9,FedAvg,sign_flip,1,-0.0038023517204473683,0.00150192227885,0,0,0,0,0,0,0.5233570159857904,0.5009261608728749,0.5009261608728749,423.89044
9,CoordinateMedian,sign_flip,1,-0.006576878026368421,-0.00502933746715,0,0,0,0,1,0,0.5233570159857904,0.5023344328850545,0.5023344328850545,434.654784
9,Krum,sign_flip,1,-0.009397684298368422,-0.01754300061205,0,0,0,0,1,0,0.5233570159857904,0.4835701598579041,0.4835701598579041,438.814884
9,FLTrust,sign_flip,0,0.00016688918857894736,-0.000482222325375,0,0,0,0,1,1,0.5233570159857904,0.5229129662522203,0.5233570159857904,423.472303
9,FedVal,sign_flip,1,-0.006352625387710527,-0.0064256076785,0,0,0,0,1,0,0.5233570159857904,0.5009261608728749,0.5009261608728749,426.70211
9,FLShield,sign_flip,1,-0.0015539314669473685,-0.00306721757125,0,0,0,0,1,0,0.5233570159857904,0.5094772900279116,0.5094772900279116,441.333804
9,FedAvg,model_replacement,0,0.33750829481431577,0.366209691134825,1,1,0,0,0,0,0.5233570159857904,0.4747906622684598,0.5233570159857904,431.84408
9,CoordinateMedian,model_replacement,0,0.00011236490234210526,-0.003533024690625,0,0,0,0,1,1,0.5233570159857904,0.5063689418929206,0.5233570159857904,416.964278
9,Krum,model_replacement,1,-0.009397684298368422,-0.01754300061205,0,0,0,0,1,0,0.5233570159857904,0.4835701598579041,0.4835701598579041,447.042522
9,FLTrust,model_replacement,0,0.0002463295715526316,-0.00046880237045,0,0,0,0,1,1,0.5233570159857904,0.5229129662522203,0.5233570159857904,412.420216
9,FedVal,model_replacement,0,0.023339139762789472,0.01911862225485,0,0,0,0,0,0,0.5233570159857904,0.5081451408272012,0.5233570159857904,426.414527
9,FLShield,model_replacement,1,-0.0004000540140263158,-0.0032904265752,0,0,0,0,1,0,0.5233570159857904,0.5171022583100736,0.5171022583100736,500.742296
10,FedAvg,none,1,-0.002631675247236842,-0.00292862263695,0,0,0,0,1,0,0.51162289049613,0.4997906357061287,0.4997906357061287,486.26139
10,CoordinateMedian,none,1,-0.006620433779105263,-0.00731794997185,0,0,0,0,1,0,0.51162289049613,0.48885928181702826,0.48885928181702826,488.415917
10,Krum,none,1,-0.0070525731997894735,-0.009894259967975,0,0,0,0,1,0,0.51162289049613,0.5195660449181576,0.5195660449181576,544.866274
10,FLTrust,none,1,-0.00046459236494736844,-0.0002226653257,0,0,0,0,1,0,0.51162289049613,0.506382438776805,0.506382438776805,486.998636
10,FedVal,none,1,-0.0055183512917368425,-0.005921619042775,0,0,0,0,1,0,0.51162289049613,0.4954510848877046,0.4954510848877046,482.383744
10,FLShield,none,1,-0.002243012013631579,-0.0006452086748,0,0,0,0,1,0,0.51162289049613,0.4843547773125238,0.4843547773125238,546.490687
10,FedAvg,sign_flip,0,0.0010165258420526315,0.003264728489375,0,0,0,0,0,0,0.51162289049613,0.506953432305545,0.51162289049613,481.646923
10,CoordinateMedian,sign_flip,1,-0.0039073202569473685,-0.004363197763375,0,0,0,0,1,0,0.51162289049613,0.5059319883263546,0.5059319883263546,482.42387
10,Krum,sign_flip,1,-0.0070525731997894735,-0.009894259967975,0,0,0,0,1,0,0.51162289049613,0.5195660449181576,0.5195660449181576,527.747606
10,FLTrust,sign_flip,1,-0.000358973799,-5.06421971e-05,0,0,0,0,1,0,0.51162289049613,0.506382438776805,0.506382438776805,498.491034
10,FedVal,sign_flip,1,-0.0054197026907894736,-0.00574036991865,0,0,0,0,1,0,0.51162289049613,0.5225542443852303,0.5225542443852303,491.334072
10,FLShield,sign_flip,1,-0.002634613749736842,-0.00286501251035,0,0,0,0,1,0,0.51162289049613,0.5243560461870321,0.5243560461870321,538.079014
10,FedAvg,model_replacement,0,0.3508757181749474,0.36014941385925,1,1,0,0,0,0,0.51162289049613,0.5175675675675676,0.51162289049613,497.649124
10,CoordinateMedian,model_replacement,1,-0.0020004178782894737,-0.00295124750375,0,0,0,0,1,0,0.51162289049613,0.4963519857886055,0.4963519857886055,487.663809
10,Krum,model_replacement,1,-0.002354715521342105,-0.00641772911985,0,0,0,0,1,0,0.51162289049613,0.573486867148839,0.573486867148839,486.303979
10,FLTrust,model_replacement,0,0.0003248434915263158,0.000496959041825,0,0,0,0,0,0,0.51162289049613,0.5054815378759041,0.51162289049613,489.723171
10,FedVal,model_replacement,0,0.019699427744078946,0.0193077144388,0,0,0,0,0,0,0.51162289049613,0.544416952163431,0.51162289049613,483.958087
10,FLShield,model_replacement,1,-0.0017317535734736843,-0.002283561972775,0,0,0,0,1,0,0.51162289049613,0.5150615404136532,0.5150615404136532,532.722255
11,FedAvg,none,0,0.0004865956210263158,0.0018816772496,0,0,0,0,0,0,0.6010717677384344,0.6091846425179759,0.6010717677384344,467.652336
11,CoordinateMedian,none,1,-0.0020151154077105264,6.4002605425e-05,0,0,0,0,0,0,0.6010717677384344,0.6144281644281644,0.6144281644281644,474.135351
11,Krum,none,1,-0.0030893372404473683,0.000540043172025,0,0,0,0,0,0,0.6010717677384344,0.6225410392077059,0.6225410392077059,481.326856
11,FLTrust,none,1,-0.0006275004259736842,-0.001166549164525,0,0,0,0,1,0,0.6010717677384344,0.5882105548772215,0.5882105548772215,467.64034
11,FedVal,none,1,-0.0075752869179736846,-0.011256499615625,0,0,0,0,1,0,0.6010717677384344,0.5405440238773572,0.5405440238773572,459.253905
11,FLShield,none,1,-0.0025367514488947368,-0.0061024896348,0,0,0,0,1,0,0.6010717677384344,0.5548500881834215,0.5548500881834215,476.337357
11,FedAvg,sign_flip,1,-0.0007315501195526315,-0.002507861568575,0,0,0,0,1,0,0.6010717677384344,0.5610636277302944,0.5610636277302944,469.487328
11,CoordinateMedian,sign_flip,1,-0.0020253046289736842,-0.0005083749965,0,0,0,0,1,0,0.6010717677384344,0.6172771672771673,0.6172771672771673,462.240772
11,Krum,sign_flip,1,-0.0030893372404473683,0.000540043172025,0,0,0,0,0,0,0.6010717677384344,0.6225410392077059,0.6225410392077059,528.758163
11,FLTrust,sign_flip,1,-0.0005310444389736842,-0.00110130393695,0,0,0,0,1,0,0.6010717677384344,0.5886853886853887,0.5886853886853887,463.572795
11,FedVal,sign_flip,1,-0.00580847633281579,-0.00910227060515,0,0,0,0,1,0,0.6010717677384344,0.5448378781712115,0.5448378781712115,464.702435
11,FLShield,sign_flip,0,0.0009711317246842105,0.002443436841,0,0,0,0,0,0,0.6010717677384344,0.6153778320444987,0.6010717677384344,474.463291
11,FedAvg,model_replacement,0,0.2923230690488947,0.26840216163755,1,0,0,0,0,0,0.6010717677384344,0.45516212182878846,0.6010717677384344,483.764359
11,CoordinateMedian,model_replacement,0,0.0010698178819473685,0.001919114760525,0,0,0,0,0,0,0.6010717677384344,0.5991724325057659,0.6010717677384344,461.632606
11,Krum,model_replacement,1,-0.0030893372404473683,0.000540043172025,0,0,0,0,0,0,0.6010717677384344,0.6225410392077059,0.6225410392077059,513.576019
11,FLTrust,model_replacement,0,0.00033067750436842103,1.909257615e-05,0,0,0,0,0,0,0.6010717677384344,0.5953534120200786,0.6010717677384344,461.735037
11,FedVal,model_replacement,0,0.017154518014263157,0.017352359888925,0,0,0,0,0,0,0.6010717677384344,0.6091846425179759,0.6010717677384344,458.154923
11,FLShield,model_replacement,0,0.0012248547602631578,0.0027039645021,0,0,0,0,0,0,0.6010717677384344,0.6149029982363315,0.6010717677384344,515.321322
12,FedAvg,none,1,-0.003292796720789474,-0.0026009892372,0,0,0,0,1,0,0.5285882594806591,0.5171940728089319,0.5171940728089319,404.16371
12,CoordinateMedian,none,1,-0.007143137428710526,-0.006319876503675,0,0,0,0,1,0,0.5285882594806591,0.5017316633456684,0.5017316633456684,401.252996
12,Krum,none,1,-0.004373853962315789,-0.0023632946933,0,0,0,0,1,0,0.5285882594806591,0.5154189202011576,0.5154189202011576,409.004627
12,FLTrust,none,0,0.00022994255381578947,0.00027990672865,0,0,0,0,0,0,0.5285882594806591,0.527734288515672,0.5285882594806591,401.473598
12,FedVal,none,1,-0.012711979482236842,-0.01007369414855,0,0,0,0,1,0,0.5285882594806591,0.4882697599392732,0.4882697599392732,413.542444
12,FLShield,none,0,0.0019450130794736841,0.00266048791045,0,0,0,0,0,0,0.5285882594806591,0.5481188917354588,0.5285882594806591,454.448744
12,FedAvg,sign_flip,1,-0.005829927347578948,-0.0055374196303,0,0,0,0,1,0,0.5285882594806591,0.5030798304709492,0.5030798304709492,395.837648
12,CoordinateMedian,sign_flip,1,-0.008823298695263158,-0.007524547797675,0,0,0,0,1,0,0.5285882594806591,0.5017316633456684,0.5017316633456684,396.787657
12,Krum,sign_flip,1,-0.00950438617868421,-0.006849879081025,0,0,0,0,1,0,0.5285882594806591,0.4860676218490053,0.4860676218490053,420.365585
12,FLTrust,sign_flip,0,0.00015752825515789475,0.000197257993725,0,0,0,0,0,0,0.5285882594806591,0.5281612739981656,0.5285882594806591,393.544479
12,FedVal,sign_flip,1,-0.01266322029563158,-0.011095710281675,0,0,0,0,1,0,0.5285882594806591,0.4955957238194642,0.4955957238194642,402.269685
12,FLShield,sign_flip,1,-0.0051419377123421055,-0.004508198051075,0,0,0,0,1,0,0.5285882594806591,0.5055073220103109,0.5055073220103109,449.345546
12,FedAvg,model_replacement,0,0.33457014343228947,0.3153048688479,1,0,0,0,0,0,0.5285882594806591,0.4769625517917576,0.5285882594806591,409.681655
12,CoordinateMedian,model_replacement,1,-0.005090474056236842,-0.00445727165395,0,0,0,0,1,0,0.5285882594806591,0.49710203371603884,0.49710203371603884,407.351492
12,Krum,model_replacement,1,-0.004373853962315789,-0.0023632946933,0,0,0,0,1,0,0.5285882594806591,0.5154189202011576,0.5154189202011576,415.301537
12,FLTrust,model_replacement,0,0.0005247409571842106,0.000480089201475,0,0,0,0,0,0,0.5285882594806591,0.5285882594806591,0.5285882594806591,405.80029
12,FedVal,model_replacement,0,0.019245413649394735,0.016625580625975,0,0,0,0,0,0,0.5285882594806591,0.5101369516399406,0.5285882594806591,438.360375
12,FLShield,model_replacement,1,-0.0034659476886842104,-0.0028336399167,0,0,0,0,1,0,0.5285882594806591,0.520182971186387,0.520182971186387,440.606382
13,FedAvg,none,1,-0.004032146489868421,-0.0023633048798,0,0,0,0,1,0,0.5000776587011028,0.4986964432314895,0.4986964432314895,432.731703
13,CoordinateMedian,none,1,-0.011694446276421053,-0.010059233212875,0,0,0,0,1,0,0.5000776587011028,0.5065233308926314,0.5065233308926314,432.419866
13,Krum,none,1,-0.01388338335968421,-0.00949149080075,0,0,0,0,1,0,0.5000776587011028,0.5019192793272538,0.5019192793272538,469.644775
13,FLTrust,none,1,-0.00028095348871052633,-1.86495647e-05,0,0,0,0,1,0,0.5000776587011028,0.5005380638576405,0.5005380638576405,422.204893
13,FedVal,none,1,-0.0003330941880526316,-0.0049662731933,0,0,0,0,1,0,0.5000776587011028,0.4968548226053385,0.4968548226053385,433.638979
13,FLShield,none,0,0.006799435618552631,0.000509870087975,0,0,0,0,0,0,0.5000776587011028,0.506412389891056,0.5000776587011028,480.78247
13,FedAvg,sign_flip,0,0.005279248340894737,0.001268899688325,0,0,0,0,0,0,0.5000776587011028,0.5005380638576405,0.5000776587011028,422.887911
13,CoordinateMedian,sign_flip,1,-0.006029399235552632,-0.0092074721969,0,0,0,0,1,0,0.5000776587011028,0.49263351749539597,0.49263351749539597,428.211348
13,Krum,sign_flip,1,-0.01388338335968421,-0.00949149080075,0,0,0,0,1,0,0.5000776587011028,0.5019192793272538,0.5019192793272538,428.972709
13,FLTrust,sign_flip,1,-0.0002503365381842105,7.107454025e-06,0,0,0,0,0,0,0.5000776587011028,0.5005380638576405,0.5005380638576405,446.565732
13,FedVal,sign_flip,0,0.0027576316879210526,-0.003088084794375,0,0,0,0,1,1,0.5000776587011028,0.5079822050633473,0.5000776587011028,430.704167
13,FLShield,sign_flip,1,-0.0031248134776578947,-0.002916036684675,0,0,0,0,1,0,0.5000776587011028,0.5042213051099426,0.5042213051099426,472.613992
13,FedAvg,model_replacement,0,0.35484244397226317,0.3314113728875,1,0,0,0,0,0,0.5000776587011028,0.5022631964321373,0.5000776587011028,433.104792
13,CoordinateMedian,model_replacement,1,-0.0082188504285,-0.00538558338755,0,0,0,0,1,0,0.5000776587011028,0.505142115423018,0.505142115423018,424.964562
13,Krum,model_replacement,1,-0.01388338335968421,-0.00949149080075,0,0,0,0,1,0,0.5000776587011028,0.5019192793272538,0.5019192793272538,480.427732
13,FLTrust,model_replacement,1,-0.00029203981976315787,-3.5663600775e-05,0,0,0,0,1,0,0.5000776587011028,0.5005380638576405,0.5005380638576405,427.18839
13,FedVal,model_replacement,0,0.019869520656789475,0.019172803159,0,0,0,0,0,0,0.5000776587011028,0.5051809447735693,0.5000776587011028,424.794744
13,FLShield,model_replacement,1,-0.004198630611,-0.002771303642,0,0,0,0,1,0,0.5000776587011028,0.5042601344604939,0.5042601344604939,468.462118
14,FedAvg,none,1,-0.0024937400948421055,-0.000831672793125,0,0,0,0,1,0,0.502683654106804,0.5204662510165357,0.5204662510165357,409.18409
14,CoordinateMedian,none,1,-0.006386350807789474,-0.00511849903765,0,0,0,0,1,0,0.502683654106804,0.4858227161832475,0.4858227161832475,412.808095
14,Krum,none,1,-0.011440725623,-0.00413995696835,0,0,0,0,1,0,0.502683654106804,0.5414746543778802,0.5414746543778802,449.717623
14,FLTrust,none,0,0.0005616258973684211,-0.001330177006375,0,0,0,0,1,1,0.502683654106804,0.4952019517484413,0.502683654106804,418.740758
14,FedVal,none,1,-0.004448618656947369,-0.00530284693785,0,0,0,0,1,0,0.502683654106804,0.49566278124152885,0.49566278124152885,407.580583
14,FLShield,none,0,0.002762414532105263,-0.0012973985281,0,0,0,0,1,1,0.502683654106804,0.519083762537273,0.502683654106804,451.821694
14,FedAvg,sign_flip,0,0.011694272173631578,0.004871590253875,0,0,0,0,0,0,0.502683654106804,0.48454865817294657,0.502683654106804,401.590471
14,CoordinateMedian,sign_flip,0,0.0011648446272894738,-0.003146924124025,0,0,0,0,1,1,0.502683654106804,0.48444022770398487,0.502683654106804,403.945825
14,Krum,sign_flip,0,0.002885491290631579,-0.003863291520575,0,0,0,0,1,1,0.502683654106804,0.4835727839522906,0.502683654106804,440.304048
14,FLTrust,sign_flip,0,0.0013607381373421054,-0.000733718134125,0,0,0,0,1,1,0.502683654106804,0.49146110056925996,0.502683654106804,400.11023
14,FedVal,sign_flip,1,-0.0007421811928157894,-0.000436234794525,0,0,0,0,1,0,0.502683654106804,0.5036595283274601,0.5036595283274601,402.530165
14,FLShield,sign_flip,1,-0.0005916170391842106,0.00041853196415,0,0,0,0,0,0,0.502683654106804,0.5162645703442668,0.5162645703442668,440.463597
14,FedAvg,model_replacement,0,0.294043171858,0.272823249634,1,0,0,0,0,0,0.502683654106804,0.5057739224722146,0.502683654106804,417.291367
14,CoordinateMedian,model_replacement,0,0.0013023162126052632,-0.0008005375987,0,0,0,0,1,1,0.502683654106804,0.48674437516942265,0.502683654106804,404.787816
14,Krum,model_replacement,0,0.0012299933025526316,-0.004063925776125,0,0,0,0,1,1,0.502683654106804,0.49709948495527245,0.502683654106804,457.211357
14,FLTrust,model_replacement,0,0.001250410641263158,-0.00034796856295,0,0,0,0,1,1,0.502683654106804,0.49381946326917864,0.502683654106804,408.789012
14,FedVal,model_replacement,0,0.014191068994526317,0.01357966697095,0,0,0,0,0,0,0.502683654106804,0.5391705069124424,0.502683654106804,404.071126
14,FLShield,model_replacement,1,-0.0013928784670789473,-0.000162394256725,0,0,0,0,1,0,0.502683654106804,0.5246679316888045,0.5246679316888045,423.173759
15,FedAvg,none,1,-0.0028250205886578947,-0.002805384335575,0,0,0,0,1,0,0.5878050529435667,0.5805905458485711,0.5805905458485711,463.984278
15,CoordinateMedian,none,1,-0.0011931990916315789,-0.0031015236526,0,0,0,0,1,0,0.5878050529435667,0.5878050529435667,0.5878050529435667,468.166258
15,Krum,none,1,-0.003277695985631579,-0.005228161067525,0,0,0,0,1,0,0.5878050529435667,0.5771804861725267,0.5771804861725267,532.766056
15,FLTrust,none,1,-0.0027468058811578946,-0.002016949976475,0,0,0,0,1,0,0.5878050529435667,0.5559632223470453,0.5559632223470453,478.209849
15,FedVal,none,1,-0.016504526316894738,-0.01307983778795,0,0,0,0,1,0,0.5878050529435667,0.49611587828955234,0.49611587828955234,480.967411
15,FLShield,none,0,0.007835840333289474,0.0050791751755,0,0,0,0,0,0,0.5878050529435667,0.5923823409900327,0.5878050529435667,525.319797
15,FedAvg,sign_flip,1,-0.008792386262289474,-0.0031642416832,0,0,0,0,1,0,0.5878050529435667,0.492705818613508,0.492705818613508,483.096921
15,CoordinateMedian,sign_flip,1,-0.008131808609736842,-0.006806111325975,0,0,0,0,1,0,0.5878050529435667,0.5215797818517899,0.5215797818517899,472.101797
15,Krum,sign_flip,1,-0.003277695985631579,-0.005228161067525,0,0,0,0,1,0,0.5878050529435667,0.5771804861725267,0.5771804861725267,476.881935
15,FLTrust,sign_flip,1,-0.0021017719705263157,-0.0013355652705,0,0,0,0,1,0,0.5878050529435667,0.5546844499685286,0.5546844499685286,462.786264
15,FedVal,sign_flip,1,-0.012151945927868422,-0.009953000455,0,0,0,0,1,0,0.5878050529435667,0.500788775485814,0.500788775485814,460.275175
15,FLShield,sign_flip,1,-0.002619978967263158,-0.003096971925425,0,0,0,0,1,0,0.5878050529435667,0.5568157372660564,0.5568157372660564,466.466686
15,FedAvg,model_replacement,0,0.2951933712568421,0.331477581134375,1,0,0,0,0,0,0.5878050529435667,0.4168837791109942,0.5878050529435667,468.643374
15,CoordinateMedian,model_replacement,1,-0.0038432103425,-0.004004934778925,0,0,0,0,1,0,0.5878050529435667,0.5491749727115551,0.5491749727115551,453.175298
15,Krum,model_replacement,1,-0.003277695985631579,-0.005228161067525,0,0,0,0,1,0,0.5878050529435667,0.5771804861725267,0.5771804861725267,476.265832
15,FLTrust,model_replacement,1,-0.0011462156255,-0.000602367249675,0,0,0,0,1,0,0.5878050529435667,0.5585048322457793,0.5585048322457793,554.375593
15,FedVal,model_replacement,0,0.008968083829473684,0.011650828900075,0,0,0,0,0,0,0.5878050529435667,0.5453545904343046,0.5878050529435667,462.384666
15,FLShield,model_replacement,1,-0.00034807788392105264,-0.0013136324287,0,0,0,0,1,0,0.5878050529435667,0.5873787954840611,0.5873787954840611,475.044604
16,FedAvg,none,1,-0.002719579459210526,-0.00309810238505,0,0,0,0,1,0,0.6122723805891888,0.5562255696443894,0.5562255696443894,385.223741
16,CoordinateMedian,none,1,-0.005135524751657895,-0.005583188384325,0,0,0,0,1,0,0.6122723805891888,0.5463819239202975,0.5463819239202975,389.553743
16,Krum,none,1,-0.004197320196,-0.004429876088675,0,0,0,0,1,0,0.6122723805891888,0.5807750977214224,0.5807750977214224,420.140211
16,FLTrust,none,1,-0.0011905502987105262,-0.00136085960915,0,0,0,0,1,0,0.6122723805891888,0.6020235484793593,0.6020235484793593,407.111035
16,FedVal,none,1,-0.007181384645736842,-0.00770280375255,0,0,0,0,1,0,0.6122723805891888,0.5471922966917723,0.5471922966917723,402.768821
16,FLShield,none,1,-0.0036345884960263157,-0.00391594548225,0,0,0,0,1,0,0.6122723805891888,0.596696539231576,0.596696539231576,434.403764
16,FedAvg,sign_flip,0,0.0038260501632894736,0.00470255833745,0,0,0,0,0,0,0.6122723805891888,0.701901992563638,0.6122723805891888,392.850064
16,CoordinateMedian,sign_flip,1,-0.006731913089842105,-0.00733606192985,0,0,0,0,1,0,0.6122723805891888,0.54597673753456,0.54597673753456,398.646608
16,Krum,sign_flip,1,-0.004197320196,-0.004429876088675,0,0,0,0,1,0,0.6122723805891888,0.5807750977214224,0.5807750977214224,461.987247
16,FLTrust,sign_flip,1,-0.0012267137035,-0.0014016977168,0,0,0,0,1,0,0.6122723805891888,0.6028339212508342,0.6028339212508342,389.531467
16,FedVal,sign_flip,1,-0.004675634435578948,-0.00547038596655,0,0,0,0,1,0,0.6122723805891888,0.5451663647630851,0.5451663647630851,391.981127
16,FLShield,sign_flip,1,-0.002427487895868421,-0.00288426597895,0,0,0,0,1,0,0.6122723805891888,0.5750429020879015,0.5750429020879015,396.571585
16,FedAvg,model_replacement,0,0.24431509337473684,0.251918255553875,1,0,0,0,0,0,0.6122723805891888,0.4532128896939651,0.6122723805891888,386.474761
16,CoordinateMedian,model_replacement,1,-0.0015760101721842106,-0.0018370752589,0,0,0,0,1,0,0.6122723805891888,0.5132638955095815,0.5132638955095815,428.848734
16,Krum,model_replacement,1,-0.0020467403628157896,-0.002332732139825,0,0,0,0,1,0,0.6122723805891888,0.6065401849556679,0.6065401849556679,394.867907
16,FLTrust,model_replacement,1,-0.0004567580642105263,-0.00058387769135,0,0,0,0,1,0,0.6122723805891888,0.601618362093622,0.601618362093622,399.061724
16,FedVal,model_replacement,0,0.011943239987526316,0.012063185965875,0,0,0,0,0,0,0.6122723805891888,0.5685003336829059,0.6122723805891888,394.976545
16,FLShield,model_replacement,1,-0.0020277591335,-0.002298695482225,0,0,0,0,1,0,0.6122723805891888,0.5881280388978931,0.5881280388978931,428.380043
17,FedAvg,none,1,-0.0033626556318157893,-0.003260511713,0,0,0,0,1,0,0.5332113129594751,0.5294519715657087,0.5294519715657087,450.913817
17,CoordinateMedian,none,1,-0.007173304659947369,-0.0072480633412,0,0,0,0,1,0,0.5332113129594751,0.5026884986937238,0.5026884986937238,471.052655
17,Krum,none,1,-0.0012252033713157895,-0.00186395562225,0,0,0,0,1,0,0.5332113129594751,0.5090338112886567,0.5090338112886567,500.700136
17,FLTrust,none,1,-0.0001646549127631579,-4.8681349975e-05,0,0,0,0,1,0,0.5332113129594751,0.5336252202442433,0.5336252202442433,443.382222
17,FedVal,none,1,-0.007836042222552632,-0.008606083998375,0,0,0,0,1,0,0.5332113129594751,0.4931002794823501,0.4931002794823501,456.938883
17,FLShield,none,0,0.001800990020605263,0.00183152802245,0,0,0,0,0,0,0.5332113129594751,0.549972659335318,0.5332113129594751,453.839528
17,FedAvg,sign_flip,0,0.0027786698444210527,0.00226604079215,0,0,0,0,0,0,0.5332113129594751,0.5131728841363388,0.5332113129594751,440.695673
17,CoordinateMedian,sign_flip,1,-0.005998161606684211,-0.00606571409455,0,0,0,0,1,0,0.5332113129594751,0.5076895619417947,0.5076895619417947,429.99167
17,Krum,sign_flip,1,-0.0012252033713157895,-0.00186395562225,0,0,0,0,1,0,0.5332113129594751,0.5090338112886567,0.5090338112886567,434.926728
17,FLTrust,sign_flip,1,-6.990693265789474e-05,4.033797535e-05,0,0,0,0,0,0,0.5332113129594751,0.5336252202442433,0.5336252202442433,427.871709
17,FedVal,sign_flip,1,-0.005367866853657895,-0.005768004046075,0,0,0,0,1,0,0.5332113129594751,0.5035504890941126,0.5035504890941126,438.014264
17,FLShield,sign_flip,1,-0.001387170189894737,-0.00123151959365,0,0,0,0,1,0,0.5332113129594751,0.5277963424266359,0.5277963424266359,484.314528
17,FedAvg,model_replacement,0,0.38028452005457897,0.3630721750032,1,1,0,0,0,0,0.5332113129594751,0.4445440184701379,0.5332113129594751,438.173099
17,CoordinateMedian,model_replacement,1,-0.0030230564639473685,-0.0046426640433,0,0,0,0,1,0,0.5332113129594751,0.4914104745124248,0.4914104745124248,434.237302
17,Krum,model_replacement,1,-0.0009827698052105264,-0.0020486153675,0,0,0,0,1,0,0.5332113129594751,0.5261407132875631,0.5261407132875631,481.387123
17,FLTrust,model_replacement,1,-0.0002816233994736842,-0.000163007182375,0,0,0,0,1,0,0.5332113129594751,0.5336252202442433,0.5336252202442433,436.9213
17,FedVal,model_replacement,0,0.017555256846763158,0.01607143480325,0,0,0,0,0,0,0.5332113129594751,0.4931002794823501,0.5332113129594751,436.075903
17,FLShield,model_replacement,1,-0.004867207079789474,-0.00500929837785,0,0,0,0,1,0,0.5332113129594751,0.510655264596877,0.510655264596877,439.671895
18,FedAvg,none,1,-0.0030228944175789475,-0.0047829333182,0,0,0,0,1,0,0.5297793809244191,0.5077713998106583,0.5077713998106583,439.278982
18,CoordinateMedian,none,1,-0.007200862689447369,-0.0115126011781,0,0,0,0,1,0,0.5297793809244191,0.509841576090213,0.509841576090213,422.32256
18,Krum,none,0,0.0018234599490263158,0.00274023076855,0,0,0,0,0,0,0.5297793809244191,0.5726179491174038,0.5297793809244191,455.204453
18,FLTrust,none,0,0.00041221295807894736,-0.001982890291325,0,0,0,0,1,1,0.5297793809244191,0.5134426642060229,0.5297793809244191,465.19041
18,FedVal,none,1,-0.0018813231664736843,-0.011014705417575,0,0,0,0,1,0,0.5297793809244191,0.5032775294498304,0.5032775294498304,419.293906
18,FLShield,none,1,-0.0040131562002105265,0.0095681895536,0,0,0,0,0,0,0.5297793809244191,0.6174188407012835,0.6174188407012835,471.938808
18,FedAvg,sign_flip,0,0.0069099322104473684,0.008620343560675,0,0,0,0,0,0,0.5297793809244191,0.5548192265749518,0.5297793809244191,421.114459
18,CoordinateMedian,sign_flip,1,-0.0027561637605,-0.001496593282875,0,0,0,0,1,0,0.5297793809244191,0.5172594580991527,0.5172594580991527,442.647719
18,Krum,sign_flip,0,0.0018234599490263158,0.00274023076855,0,0,0,0,0,0,0.5297793809244191,0.5726179491174038,0.5297793809244191,437.851869
18,FLTrust,sign_flip,0,0.0009563088013421053,-0.0015598301978,0,0,0,0,1,1,0.5297793809244191,0.512657734849665,0.5297793809244191,419.45408
18,FedVal,sign_flip,1,-0.0018158012900263158,-0.003834919353175,0,0,0,0,1,0,0.5297793809244191,0.5146200582405599,0.5146200582405599,428.954284
18,FLShield,sign_flip,1,-0.0022700066825263156,0.00023785779985,0,0,0,0,0,0,0.5297793809244191,0.5267475163876473,0.5267475163876473,447.511572
18,FedAvg,model_replacement,0,0.2799393401425526,0.259528938970225,1,0,0,0,0,0,0.5297793809244191,0.5005782113197599,0.5297793809244191,433.272286
18,CoordinateMedian,model_replacement,1,-0.0054774320552894735,-0.01023882393535,0,0,0,0,1,0,0.5297793809244191,0.5037778470166693,0.5037778470166693,464.477187
18,Krum,model_replacement,0,0.0018234599490263158,0.00274023076855,0,0,0,0,0,0,0.5297793809244191,0.5726179491174038,0.5297793809244191,432.691034
18,FLTrust,model_replacement,0,0.0006449531781315789,-0.0013933941572,0,0,0,0,1,1,0.5297793809244191,0.513050199527844,0.5297793809244191,436.927844
18,FedVal,model_replacement,0,0.012155013819578947,0.012093581685725,0,0,0,0,0,0,0.5297793809244191,0.5218611813486405,0.5297793809244191,422.943366
18,FLShield,model_replacement,1,-0.004558870754421053,-0.003583432225875,0,0,0,0,1,0,0.5297793809244191,0.5184368521336896,0.5184368521336896,459.242576
19,FedAvg,none,0,0.0010512161028947368,0.00019161570255,0,0,0,0,0,0,0.48450157116013204,0.5090124587471775,0.48450157116013204,440.630864
19,CoordinateMedian,none,1,-0.0027139418465789472,-0.002867404043325,0,0,0,0,1,0,0.48450157116013204,0.49382194571207505,0.49382194571207505,452.736247
19,Krum,none,1,-0.010286626374868421,-0.010054076794175,0,0,0,0,1,0,0.48450157116013204,0.491816545342576,0.491816545342576,478.499938
19,FLTrust,none,0,0.00030811903794736843,0.000185594280275,0,0,0,0,0,0,0.48450157116013204,0.4936758830867375,0.48450157116013204,436.449579
19,FedVal,none,1,-0.008356854917947368,-0.00705585747235,0,0,0,0,1,0,0.48450157116013204,0.4804907704211341,0.4804907704211341,452.918658
19,FLShield,none,1,-0.00020394674136842104,6.1989378725e-05,0,0,0,0,0,0,0.48450157116013204,0.4867912015032607,0.4867912015032607,481.334534
19,FedAvg,sign_flip,0,4.480073260526316e-05,0.001016905181775,0,0,0,0,0,0,0.48450157116013204,0.4817737529409907,0.48450157116013204,447.354339
19,CoordinateMedian,sign_flip,1,-0.005353118430078948,-0.004513538004975,0,0,0,0,1,0,0.48450157116013204,0.48378704858753496,0.48378704858753496,454.284406
19,Krum,sign_flip,1,-0.010286626374868421,-0.010054076794175,0,0,0,0,1,0,0.48450157116013204,0.491816545342576,0.491816545342576,484.583054
19,FLTrust,sign_flip,0,0.00034189527660526315,0.0002114750026,0,0,0,0,0,0,0.48450157116013204,0.4936758830867375,0.48450157116013204,438.949592
19,FedVal,sign_flip,1,-0.004926004823789474,-0.00412628105875,0,0,0,0,1,0,0.48450157116013204,0.4816355855926984,0.4816355855926984,446.78435
19,FLShield,sign_flip,1,-3.530024555263158e-05,-0.00037931973405,0,0,0,0,1,0,0.48450157116013204,0.49697216125313837,0.49697216125313837,446.02773
19,FedAvg,model_replacement,0,0.28543687049765787,0.271733603933775,1,0,0,0,0,0,0.48450157116013204,0.5066162421639375,0.48450157116013204,444.586141
19,CoordinateMedian,model_replacement,0,0.001364935349,0.000386338616825,0,0,0,0,0,0,0.48450157116013204,0.4966879312795086,0.48450157116013204,441.012393
19,Krum,model_replacement,1,-0.010286626374868421,-0.010054076794175,0,0,0,0,1,0,0.48450157116013204,0.491816545342576,0.491816545342576,482.070537
19,FLTrust,model_replacement,0,0.00033003003431578945,0.0002086746356,0,0,0,0,0,0,0.48450157116013204,0.4936758830867375,0.48450157116013204,437.07173
19,FedVal,model_replacement,0,0.017429653937289475,0.015169870519425,0,0,0,0,0,0,0.48450157116013204,0.506860995752341,0.48450157116013204,439.698842
19,FLShield,model_replacement,0,0.0009077473698947369,6.8749806125e-05,0,0,0,0,0,0,0.48450157116013204,0.5031344249869728,0.48450157116013204,441.411127
